/**********************************************
 * Personnels & Organisation-related
 *********************************************/

INSERT INTO Employees (eid, name, phone, email, address, join_date, depart_date) VALUES
(1, 'Nye Vidgen', '83011564', 'nvidgen0@fastcompany.com', '1 Transport Way', '2020-10-25', null),
(2, 'Kacy Faltskog', '89716842', 'kfaltskog1@jiathis.com', '5 Kennedy Hill', '2020-10-25', null),
(3, 'Moira Dawbery', '94248921', 'mdawbery2@usda.gov', '136 Artisan Court', '2020-5-8', null),
(4, 'Sharl Kinghorn', '99037408', 'skinghorn3@wisc.edu', '5 Surrey Lane', '2020-5-23', null),
(5, 'Kalle Kusick', '64118900', 'kkusick4@phoca.cz', '2334 Veith Center', '2020-12-27', null),
(6, 'Dasya Dunton', '95548942', 'ddunton5@engadget.com', '768 Quincy Avenue', '2020-7-13', null),
(7, 'Ranique Luetkemeyers', '87298275', 'rluetkemeyers6@mapy.cz', '5 Pawling Crossing', '2020-10-27', null),
(8, 'Leonhard Groundwater', '99051668', 'lgroundwater7@theguardian.com', '5863 Schiller Street', '2020-9-2', null),
(9, 'Brandie Ziemens', '91643842', 'bziemens8@merriam-webster.com', '03 Kennedy Trail', '2020-9-26', null),
(10, 'Andre Inchcomb', '95993026', 'ainchcomb9@webnode.com', '2 Lakewood Road', '2020-12-8', null),
(11, 'Gipsy Chivrall', '98816199', 'gchivralla@icq.com', '63121 Fulton Alley', '2021-3-22', null),
(12, 'Archie Brunskill', '89790645', 'abrunskillb@elegantthemes.com', '9163 Maryland Street', '2020-9-22', null),
(13, 'Justino Teliga', '63433137', 'jteligac@oaic.gov.au', '4 Boyd Trail', '2020-7-9', null),
(14, 'Caralie Ewbanks', '92983007', 'cewbanksd@over-blog.com', '98111 Morrow Point', '2021-1-21', '2021-3-10'),
(15, 'Brose Scollard', '82476370', 'bscollarde@archive.org', '29008 Dwight Court', '2020-9-13', null),
(16, 'Faunie Goacher', '93562662', 'fgoacherf@mozilla.com', '42 Nobel Court', '2020-12-9', null),
(17, 'Pamella MacAskie', '86706014', 'pmacaskieg@tripod.com', '6 Merrick Road', '2020-6-17', null),
(18, 'Caspar Singyard', '93343021', 'csingyardh@kickstarter.com', '4936 Judy Street', '2020-7-15', null),
(19, 'Zelig Scorer', '99231978', 'zscoreri@cmu.edu', '8656 Stone Corner Trail', '2021-1-1', null),
(20, 'Lotta Terne', '99553768', 'lternej@columbia.edu', '00 Shasta Trail', '2021-1-1', null),
(21, 'Kelbee Ludwell', '65008733', 'kludwellk@macromedia.com', '90 Graedel Lane', '2021-1-27', null),
(22, 'Tripp Eskriet', '88445592', 'teskrietl@narod.ru', '93 Packers Plaza', '2020-11-19', null),
(23, 'Shea Kob', '94325785', 'skobm@domainmarket.com', '4115 Esch Crossing', '2020-10-7', null),
(24, 'Ann Dodswell', '90191129', 'adodswelln@t-online.de', '82061 Miller Point', '2020-8-9', null),
(25, 'Raymond Lepope', '60144261', 'rlepopeo@ucla.edu', '2 Main Plaza', '2020-9-4', null),
(26, 'Hertha Lobley', '60795459', 'hlobleyp@bloglines.com', '6997 Ridgeway Court', '2021-2-27', null),
(27, 'Johnna Wyss', '82608424', 'jwyssq@altervista.org', '8889 Surrey Pass', '2020-8-25', null),
(28, 'Dane Weber', '65967734', 'dweberr@moonfruit.com', '1 Holmberg Crossing', '2021-2-24', null),
(29, 'Debi D''Ambrosio', '95556948', 'ddambrosios@woothemes.com', '65773 Stephen Place', '2020-12-20', null),
(30, 'Carmelia Dregan', '94333915', 'cdregant@cnet.com', '7021 Arrowood Hill', '2020-10-17', null),
(31, 'Lev Giannazzo', '97588714', 'lgiannazzou@slideshare.net', '66 Bashford Road', '2020-5-13', null),
(32, 'Russ Tummons', '90527781', 'rtummonsv@usatoday.com', '956 American Ash Alley', '2021-1-31', null),
(33, 'Rosemary Blagden', '98353734', 'rblagdenw@t.co', '531 Westport Avenue', '2020-11-19', null),
(34, 'Eve Swansbury', '96703118', 'eswansburyx@bbc.co.uk', '40 Armistice Plaza', '2021-3-4', null),
(35, 'Jerald Logan', '66658405', 'jlogany@google.it', '2 Everett Lane', '2020-6-8', null),
(36, 'Frederick Lewty', '66955229', 'flewtyz@163.com', '983 Upham Street', '2020-7-12', null),
(37, 'Jae Gippes', '94666112', 'jgippes10@skyrock.com', '760 Northport Alley', '2020-9-27', null),
(38, 'Darwin Pillifant', '86795443', 'dpillifant11@issuu.com', '57 Anderson Hill', '2020-6-10', null),
(39, 'Hi Christensen', '98789416', 'hchristensen12@rakuten.co.jp', '24474 Dapin Court', '2020-9-30', null),
(40, 'Cordelie Laugheran', '90505833', 'claugheran13@dedecms.com', '473 Carey Alley', '2020-9-20', null),
(41, 'Isacco Duggan', '82544654', 'ioduggan0@usatoday.com', '1 Sad Street', '2020-9-20', null),
(42, 'Benton Neville', '12312312', 'gbrowncey3@nus.edu.sg', '2 Sad Street', '2020-8-20', null),
(43, 'Clare Cardon', '12341234', 'cboleyn4@nus.edu.sg', '3 Sad Street', '2020-7-20', null),
(44, 'Gilburt Browncey', '44443333', '44443333@nus.edu.sg', '4 Sad Street', '2020-10-20', null),
(45, 'Carlita Boleyn', '84060493', 'imeijer5@nus.edu.sg', '5 Sad Street', '2020-10-20', null),
(46, 'Ingeberg Meijer', '95571032', 'pjurges6@nus.edu.sg', '6 Sad Street', '2020-10-20', null);

INSERT INTO Part_time_emp (eid, hourly_rate) VALUES
(4, 14.50), (7, 8.00), (9, 10.80), (10, 16.00), (12, 12.00),
(21, 12.50), (23, 13.00), (24, 9.60), (29, 13.50), (37, 10.00), (41, 9.95), (44, 12.20);


INSERT INTO Full_time_emp (eid, monthly_salary) VALUES
-- Full-time instructors
(2, 5450), (14, 6010), (20, 3800), (25, 2450), (31, 8120),
(35, 3450), (36, 3650), (38, 4100), (39, 4210), (40, 7754), (45, 9999), (46, 1),
-- Administrators
(1, 5400), (3, 5830), (5, 4590), (6, 3390), (15, 5480),
(17, 5000), (26, 4100), (28, 4000), (32, 3800), (33, 6100), (43, 1000),
-- Managers
(8, 4800), (11, 6200), (13, 5490), (16, 5210), (18, 4490),
(19, 4500), (22, 7700), (27, 5500), (30, 4320), (34, 3910), (42, 4000);


INSERT INTO Instructors (eid) VALUES
(2), (4), (7), (9), (10), (12), (14), (20), (21), (23),
(24), (25), (29), (31), (35), (36), (37), (38), (39), (40), (41), (44), (45), (46);


INSERT INTO Part_time_instructors (eid) VALUES
(4), (7), (9), (10), (12), (21), (23), (24), (29), (37), (41), (44);


INSERT INTO Full_time_instructors (eid) VALUES
(2), (14), (20), (25), (31), (35), (36), (38), (39), (40), (45), (46);


INSERT INTO Administrators (eid) VALUES
(1), (3), (5), (6), (15), (17), (26), (28), (32), (33), (43);


INSERT INTO Managers (eid) VALUES
(8), (11), (13), (16), (18), (19), (22), (27), (30), (34), (42);


INSERT INTO pay_slips (eid, payment_date, amount, num_work_days, num_work_hours) VALUES
-- 2/2021
(1, '2021-02-28', 5400, 28, null), (2, '2021-02-28', 5450, 28, null),
(3, '2021-02-28', 5830, 28, null), (5, '2021-02-28', 4590, 28, null),
(6, '2021-02-28', 3390, 28, null), (8, '2021-02-28', 4800, 28, null),
(9, '2021-02-28', 10.8, null, 1), (11, '2021-02-28', 6200, 28, null),
(12, '2021-02-28', 12, null, 1), (13, '2021-02-28', 5490, 28, null),
(14, '2021-02-28', 6010, 28, null), (15, '2021-02-28', 5480, 28, null),
(16, '2021-02-28', 5210, 28, null), (17, '2021-02-28', 5000, 28, null),
(18, '2021-02-28', 4490, 28, null), (19, '2021-02-28', 4500, 28, null),
(20, '2021-02-28', 3800, 28, null), (22, '2021-02-28', 7700, 28, null),
(25, '2021-02-28', 2450, 28, null), (26, '2021-02-28', 292.86, 2, null),
(27, '2021-02-28', 5500, 28, null), (28, '2021-02-28', 714.29, 5, null),
(30, '2021-02-28', 4320, 28, null), (31, '2021-02-28', 8120, 28, null),
(32, '2021-02-28', 3800, 28, null), (33, '2021-02-28', 6100, 28, null),
(34, '2021-02-28', 3910, 28, null), (35, '2021-02-28', 3450, 28, null),
(36, '2021-02-28', 3650, 28, null), (38, '2021-02-28', 4100, 28, null),
(39, '2021-02-28', 4210, 28, null), (40, '2021-02-28', 7754, 28, null),
(42, '2021-02-28', 4000, 28, null), (43, '2021-02-28', 1000, 28, null),
(45, '2021-02-28', 9999, 28, null), (46, '2021-02-28', 1, 28, null),
-- 3/2021
(1, '2021-03-31', 5400, 31, null), (2, '2021-03-31', 5450, 31, null),
(3, '2021-03-31', 5830, 31, null), (5, '2021-03-31', 4590, 31, null),
(6, '2021-03-31', 3390, 31, null), (8, '2021-03-31', 4800, 31, null),
(11, '2021-03-31', 2000, 10, null), (13, '2021-03-31', 5490, 31, null),
(14, '2021-03-31', 1938.71, 31, null), (15, '2021-03-31', 5480, 31, null),
(16, '2021-03-31', 5210, 31, null), (17, '2021-03-31', 5000, 31, null),
(18, '2021-03-31', 4490, 31, null), (19, '2021-03-31', 4500, 31, null),
(20, '2021-03-31', 3800, 31, null), (22, '2021-03-31', 7700, 31, null),
(25, '2021-03-31', 2450, 31, null), (26, '2021-03-31', 4100, 31, null),
(27, '2021-03-31', 5500, 31, null), (28, '2021-03-31', 4000, 31, null),
(30, '2021-03-31', 4320, 31, null), (31, '2021-03-31', 8120, 31, null),
(32, '2021-03-31', 3800, 31, null), (33, '2021-03-31', 6100, 31, null),
(34, '2021-03-31', 3531.61, 28, null), (35, '2021-03-31', 3450, 31, null),
(36, '2021-03-31', 3650, 31, null), (38, '2021-03-31', 4100, 31, null),
(39, '2021-03-31', 4210, 31, null), (40, '2021-03-31', 7754, 31, null),
(42, '2021-03-31', 4000, 31, null), (43, '2021-03-31', 1000, 31, null),
(45, '2021-03-31', 9999, 31, null), (46, '2021-03-31', 1, 31, null);

/**********************************************
 * Courses & Sessions-related Information
 *********************************************/

INSERT INTO Rooms (rid, location, seating_capacity) VALUES
(1, 'Level 2, Seminar Room 1', 250),
(2, 'Level 2, Lecture Hall 1', 500),
(3, 'Level 4, Lecture Hall 2', 400),
(4, 'Level 3, Seminar Room 2', 200),
(5, 'Level 4, Seminar Room 3', 250),
(6, 'Level 5, Lecture Hall 3', 300),
(7, 'Level 5, Lecture Hall 4', 450),
(8, 'Level B1, Lecture Hall 8', 400),
(9, 'Level 6, Seminar Room 3', 250),
(10, 'Level 6, Conference Room 6', 100);


INSERT INTO Course_areas (area_name, eid) VALUES
('Algorithms & Theory', 11),
('Artificial Intelligence', 11),
('Computer Graphics & Games', 8),
('Computer Security', 13),
('Database Systems', 22),
('Multimedia', 19),
('Computer Networks', 16),
('Parallel Computing', 19),
('Programming Languages', 27),
('Software Engineering', 30),
('Fundamentals 1', 42),
('Fundamentals 2', 42),
('Fundamentals 3', 42),
('Fundamentals 4', 42),
('Fundamentals 5', 42),
('Fundamentals 6', 42);


INSERT INTO Specializes (eid, area_name) VALUES
(2, 'Algorithms & Theory'), (4, 'Software Engineering'),
(7, 'Artificial Intelligence'), (9, 'Database Systems'),
(10, 'Computer Networks'), (12, 'Programming Languages'),
(14, 'Computer Security'), (20, 'Software Engineering'),
(21, 'Computer Graphics & Games'), (23, 'Artificial Intelligence'),
(24, 'Parallel Computing'), (25, 'Computer Graphics & Games'),
(29, 'Artificial Intelligence'), (31, 'Algorithms & Theory'),
(35, 'Computer Networks'), (36, 'Database Systems'),
(37, 'Software Engineering'), (38, 'Database Systems'),
(39, 'Artificial Intelligence'), (40, 'Database Systems'),
-- All knowing
(41, 'Fundamentals 1'), (41, 'Fundamentals 2'), (41, 'Fundamentals 3'), (41, 'Fundamentals 4'),(41, 'Fundamentals 5'), (41, 'Fundamentals 6'),
(44, 'Fundamentals 1'), (44, 'Fundamentals 2'), (44, 'Fundamentals 3'), (44, 'Fundamentals 4'),(44, 'Fundamentals 5'), (44, 'Fundamentals 6'),
(45, 'Fundamentals 1'), (45, 'Fundamentals 2'), (45, 'Fundamentals 3'), (45, 'Fundamentals 4'),(45, 'Fundamentals 5'), (45, 'Fundamentals 6'),
(46, 'Fundamentals 1'), (46, 'Fundamentals 2'), (46, 'Fundamentals 3'), (46, 'Fundamentals 4'),(46, 'Fundamentals 5'), (46, 'Fundamentals 6');


INSERT INTO Courses (course_id, title, description, area_name, duration) VALUES
(1, 'Fundamentals 1', 'Learn your CS fundamentals', 'Fundamentals 1', 3),
(2, 'Fundamentals 2', 'Learn your CS fundamentals', 'Fundamentals 2', 3),
(3, 'Fundamentals 3', 'Learn your CS fundamentals', 'Fundamentals 3', 3),
(4, 'Fundamentals 4', 'Learn your CS fundamentals', 'Fundamentals 4', 3),
(5, 'Fundamentals 5', 'Learn your CS fundamentals', 'Fundamentals 5', 3),
(6, 'Fundamentals 6', 'Learn your CS fundamentals', 'Fundamentals 6', 3),
(7, 'Database Systems', 'Learn about PSQL, Schemas and Relatiional Algebra!', 'Database Systems', 1),
(8, 'Design and Analysis of Algorithms', 'Crash course to master Leetcode challenges', 'Algorithms & Theory', 3),
(9, 'Database Systems Implementation', 'Learn how to implement a DBMS', 'Database Systems', 2),
(10, 'Intro to AI', 'Pick up the basics of AI and automate your lifestyle', 'Artificial Intelligence', 2),
(11, 'Game Development', 'Learn to create your own game in this 2 hour course', 'Computer Graphics & Games', 2),
(12, 'Intro to Information Security', 'Learn about the basics of ethical hacking', 'Computer Security', 1),
(13, 'Intro to Computer Networks', 'Are you sure you know how the internet works?', 'Computer Networks', 1),
(14, 'Cloud Computing', 'Jump onto the hype and learn more about Cloud Technology', 'Parallel Computing', 3),
(15, 'Programming Language Concepts', 'Learn up to 8 different programming languages in an hour', 'Programming Languages', 1),
(16, 'Software Engineering', 'Hello, I am Duke, lets learn to build an address book!', 'Software Engineering', 1);

INSERT INTO Offerings (launch_date, course_id, registration_deadline, start_date, end_date, eid, target_number_registrations, seating_capacity, fees) VALUES
('2020-12-24', 7, '2021-1-28', '2021-2-11', '2021-2-12', 32, 85, 1000, 181.40),
('2021-2-7', 16, '2021-3-27', '2021-4-8', '2021-4-8', 15, 70, 250, 55.65),
('2021-1-8', 9, '2021-2-7', '2021-2-17', '2021-2-17', 1, 58, 200, 136.50),
('2020-11-16', 14, '2020-12-12', '2020-12-30', '2020-12-30', 3, 75, 500, 68.50),
('2021-3-16', 14, '2021-5-2', '2021-5-28', '2021-5-28', 3, 75, 250, 69.50),
('2021-3-4', 10, '2021-5-8', '2021-5-18', '2021-5-18', 28, 80, 100, 186.00),
('2021-3-11', 13, '2021-4-26', '2021-5-14', '2021-5-14', 28, 50, 400, 91.00),
('2020-12-13', 15, '2021-1-30', '2021-2-12', '2021-2-12', 6, 50, 250, 187.30),
('2021-2-13', 7, '2021-4-7', '2021-4-20', '2021-4-20', 33, 55, 200, 75.50),
('2020-3-7', 11, '2020-7-25', '2020-8-10', '2020-8-10', 33, 68, 100, 155.50),
('2021-4-8', 8, '2021-5-10', '2021-5-20', '2021-5-20', 17, 100, 500, 137.77),
('2021-4-1', 1, '2021-4-10', '2021-4-26', '2021-4-29', 43, 100, 1750, 250),
('2021-4-2', 2, '2021-4-11', '2021-4-29', '2021-4-30', 43, 100, 750, 250),
('2021-4-1', 3, '2021-4-10', '2021-4-26', '2021-4-26', 43, 100, 1000, 250),
('2021-4-2', 4, '2021-4-11', '2021-4-28', '2021-4-28', 43, 100, 1000, 250),
('2021-4-1', 5, '2021-4-10', '2021-4-26', '2021-4-29', 43, 100, 2800, 250),
('2021-4-2', 6, '2021-4-11', '2021-4-29', '2021-4-30', 43, 100, 1200, 250);

INSERT INTO Sessions (sid, launch_date, course_id, session_date, start_time, end_time, rid, eid)
VALUES
(1, '2020-12-24', 7, '2021-2-11', '10:00', '11:00', 1, 36),
(2, '2020-12-24', 7, '2021-2-11', '14:00', '15:00', 1, 9),
(3, '2020-12-24', 7, '2021-2-12', '15:00', '16:00', 2, 38),
(1, '2021-2-7', 16, '2021-4-8', '17:00', '18:00', 5, 20),
(1, '2021-1-8', 9, '2021-2-17', '15:00', '17:00', 4, 38),
(1, '2020-11-16', 14, '2020-12-30', '14:00', '17:00', 1, 24),
(1, '2021-3-16', 14, '2021-5-18', '14:00', '17:00', 1, 24),
(1, '2021-3-4', 10, '2021-5-18', '15:00', '17:00', 8, 7),
(1, '2021-3-11', 13, '2021-5-4', '10:00', '11:00', 8, 10),
(1, '2020-12-13', 15, '2021-2-12', '14:00', '15:00', 1 ,12),
(1, '2021-2-13', 7, '2021-4-20', '11:00', '12:00', 4, 9),
(1, '2020-3-7', 11, '2020-8-10', '16:00', '18:00', 10, 21),
(1, '2021-4-8', 8, '2021-5-20', '15:00', '18:00', 2, 2),
-- this makes eid = 41 part time teach = 30 hours
(1, '2021-4-1', 1, '2021-4-26', '09:00', '12:00', 1, 41),
(2, '2021-4-1', 1, '2021-4-26', '14:00', '17:00', 1, 41),
(3, '2021-4-1', 1, '2021-4-27', '09:00', '12:00', 1, 41),
(4, '2021-4-1', 1, '2021-4-27', '14:00', '17:00', 1, 41),
(5, '2021-4-1', 1, '2021-4-28', '09:00', '12:00', 1, 41),
(6, '2021-4-1', 1, '2021-4-28', '15:00', '18:00', 1, 41),
(7, '2021-4-1', 1, '2021-4-29', '09:00', '12:00', 1, 41),
(1, '2021-4-2', 2, '2021-4-29', '15:00', '18:00', 1, 41),
(2, '2021-4-2', 2, '2021-4-30', '09:00', '12:00', 1, 41),
(3, '2021-4-2', 2, '2021-4-30', '14:00', '17:00', 1, 41),
-- this make eid = 44 part time teach < 30 hours
(1, '2021-4-1', 3, '2021-4-26', '09:00', '12:00', 2, 44),
(2, '2021-4-1', 3, '2021-4-26', '14:00', '17:00', 2, 44),
(1, '2021-4-2', 4, '2021-4-28', '09:00', '12:00', 2, 44),
(2, '2021-4-2', 4, '2021-4-28', '15:00', '18:00', 2, 44),
-- this makes eid = 45 teach = 30 hours
(1, '2021-4-1', 5, '2021-4-26', '09:00', '12:00', 3, 45),
(2, '2021-4-1', 5, '2021-4-26', '14:00', '17:00', 3, 45),
(3, '2021-4-1', 5, '2021-4-27', '09:00', '12:00', 3, 45),
(4, '2021-4-1', 5, '2021-4-27', '15:00', '18:00', 3, 45),
(5, '2021-4-1', 5, '2021-4-28', '09:00', '12:00', 3, 45),
(6, '2021-4-1', 5, '2021-4-28', '14:00', '17:00', 3, 45),
(7, '2021-4-1', 5, '2021-4-29', '09:00', '12:00', 3, 45),
(1, '2021-4-2', 6, '2021-4-29', '15:00', '18:00', 3, 45),
(2, '2021-4-2', 6, '2021-4-30', '09:00', '12:00', 3, 45),
(3, '2021-4-2', 6, '2021-4-30', '14:00', '17:00', 3, 45);


/************************
 * Customers Information
 ***********************/

INSERT INTO Customers (cust_id, name, address, phone, email)
VALUES
(1, 'Denni Goacher', '7706 Waubesa Avenue', '62015347', 'dgoacher0@noaa.gov'),
(2, 'Bernadina Cadwaladr', '44 Maryland Lane', '90269894', 'bcadwaladr1@time.com'),
(3, 'Cirillo Winwright', '544 Manitowish Hill', '94617090', 'cwinwright2@skype.com'),
(4, 'Luci Castelli', '389 Cascade Crossing', '90908386', 'lcastelli3@wunderground.com'),
(5, 'Jelene Eskrick', '2 Bartillon Plaza', '60570869', 'jeskrick4@ted.com'),
(6, 'Murielle Alldridge', '02 Shasta Road', '69972108', 'malldridge5@comcast.net'),
(7, 'Abagael Slator', '5 Helena Park', '96625468', 'aslator6@sun.com'),
(8, 'Sammy Kasper', '7553 Blaine Crossing', '62759930', 'skasper7@geocities.jp'),
(9, 'Debee Rawle', '42 Garrison Hill', '91718810', 'drawle8@domainmarket.com'),
(10, 'Celinda Suter', '75560 Di Loreto Hill', '94576929', 'csuter9@toplist.cz'),
(11, 'Arnaldo Twoohy', '2 Truax Trail', '99792673', 'atwoohya@github.io'),
(12, 'Roley Kloska', '15 Thackeray Hill', '86249231', 'rkloskab@blogspot.com'),
(13, 'Farra Gloster', '69504 Almo Lane', '94520220', 'fglosterc@scientificamerican.com'),
(14, 'Aindrea Ondra', '84452 Welch Way', '67117935', 'aondrad@newyorker.com'),
(15, 'Judye Yuill', '8664 Vernon Parkway', '93291036', 'jyuille@angelfire.com'),
(16, 'Florette Mooney', '3762 Prentice Place', '95526053', 'fmooneyf@ezinearticles.com'),
(17, 'Lin Klimkov', '038 Grasskamp Circle', '96539717', 'lklimkovg@lulu.com'),
(18, 'Maddie Burder', '36116 Dunning Circle', '86301693', 'mburderh@columbia.edu'),
(19, 'Everett Cheeld', '663 Debs Way', '86130285', 'echeeldi@netvibes.com'),
(20, 'Jenna Dibsdale', '2717 Valley Edge Place', '89947731', 'jdibsdalej@google.pl'),
(21, 'Temple Wason', '56 Messerschmidt Park', '93511694', 'twasonk@wikia.com'),
(22, 'Maxine Burkill', '77956 Holmberg Drive', '87746095', 'mburkilll@webnode.com'),
(23, 'Cally O''Loghlen', '20 Stone Corner Place', '95973805', 'cologhlenm@comsenz.com'),
(24, 'Ertha Raddin', '7 Lake View Center', '97534238', 'eraddinn@fotki.com'),
(25, 'Cherilyn Hudspith', '7 Fairview Drive', '92381478', 'chudspitho@infoseek.co.jp'),
(26, 'Thurston Ockleshaw', '80476 Cherokee Road', '69931462', 'tockleshawp@ebay.com'),
(27, 'Annora Tanzig', '56406 Derek Alley', '82805095', 'atanzigq@e-recht24.de'),
(28, 'Lester Rouf', '5049 Hooker Parkway', '83788734', 'lroufr@mozilla.com'),
(29, 'Pate Downing', '47519 John Wall Park', '98259212', 'pdownings@oracle.com'),
(30, 'Cynthie Olanda', '69858 Forster Way', '88219924', 'colandat@sina.com.cn'),
(31, 'Leoline Hearst', '12142 Corry Center', '63669460', 'lhearstu@patch.com'),
(32, 'Nicole Cotgrove', '00 Calypso Way', '93380520', 'ncotgrovev@smugmug.com'),
(33, 'Shara Trevers', '126 Dwight Street', '97373319', 'streversw@slashdot.org'),
(34, 'Andrea Muckle', '82 Westend Drive', '96419019', 'amucklex@mapy.cz'),
(35, 'Giana Gaize', '29187 Sunbrook Place', '98077212', 'ggaizey@yahoo.co.jp'),
(36, 'Weylin Folkerd', '66292 Mendota Circle', '97184591', 'wfolkerdz@typepad.com'),
(37, 'Darbee Emanuelli', '06113 Ohio Pass', '99249447', 'demanuelli10@independent.co.uk'),
(38, 'Joanie Le Guin', '24 Sunnyside Terrace', '91525087', 'jle11@japanpost.jp'),
(39, 'Derick Janeczek', '9 Victoria Avenue', '64566685', 'djaneczek12@ask.com'),
(40, 'Jonah Dixey', '9 Vahlen Parkway', '94802005', 'jdixey13@liveinternet.ru');


INSERT INTO Credit_cards (card_number, CVV, expiry_date, from_date, cust_id) VALUES
('5578550114063345', '294', '2021-12-17', '2021-03-20', 1),
('5368550114163345', '334', '2021-2-18', '2020-07-27', 1),
('349448959736043', '870', '2024-01-09', '2020-02-10', 2),
('5413117284994490', '431', '2023-12-15', '2020-02-29', 3),
('5306212867742703', '397', '2025-09-29', '2020-04-09', 4),
('349761782091745', '634', '2024-12-18', '2020-01-04', 5),
('4929850819307', '325', '2023-06-12', '2020-07-16', 6),
('4929488702248', '231', '2022-11-22', '2020-12-06', 7),
('5197016788131579', '640', '2022-05-25', '2020-05-10', 8),
('4928242194523600', '742', '2021-04-20', '2020-06-11', 9),
('4485402183541709', '935', '2025-07-10', '2020-10-23', 10),
('372955004953043', '352', '2025-12-13', '2021-01-16', 11),
('4024007126727261', '875', '2021-12-04', '2020-12-19', 12),
('4532897581102', '326', '2023-03-12', '2021-03-21', 13),
('5428235772773391', '756', '2022-10-17', '2020-06-19', 14),
('5108002499851380', '239', '2021-08-28', '2020-06-26', 15),
('347108244342047', '937', '2024-09-24', '2020-07-17', 16),
('5312064734949348', '339', '2021-12-26', '2020-11-21', 17),
('4556436530884440', '852', '2025-10-31', '2021-03-01', 18),
('5352506507527363', '363', '2025-10-17', '2020-08-09', 19),
('375375413229926', '867', '2021-12-02', '2020-11-18', 20),
('4916449362755054', '443', '2022-10-07', '2020-10-13', 21),
('349169348983092', '113', '2023-07-17', '2020-09-18', 22),
('4556358666177', '590', '2022-12-26', '2020-12-15', 23),
('5460971818769683', '346', '2022-03-06', '2020-05-04', 24),
('4539843895955149', '573', '2024-06-13', '2021-01-12', 25),
('4556511091259883', '670', '2024-11-27', '2020-07-24', 26),
('4585405913043', '478', '2024-04-25', '2020-02-21', 27),
('4716875766872', '557', '2022-06-20', '2021-01-26', 28),
('4024007117406404', '202', '2021-10-01', '2020-08-16', 29),
('4532671887516612', '155', '2025-09-18', '2020-08-16', 30),
('4873540841026', '615', '2025-02-12', '2020-11-01', 31),
('370241251789675', '888', '2021-05-02', '2021-03-06', 32),
('342555693345068', '422', '2022-07-01', '2020-06-13', 33),
('5432829227817268', '617', '2023-04-21', '2020-11-12', 34),
('5537078666197444', '828', '2022-07-28', '2020-05-10', 35),
('5170242902744128', '765', '2021-11-24', '2020-12-02', 36),
('5201362264241209', '393', '2023-11-11', '2020-03-21', 37),
('4532518047533', '147', '2023-09-03', '2020-02-25', 38),
('5542496535946259', '467', '2023-02-19', '2021-01-02', 39),
('4716093432836', '752', '2021-10-29', '2020-04-01', 40);


/******************************
 * Purchase-related Information
 ******************************/

INSERT INTO Course_packages (package_id, name, num_free_registrations, price, sale_start_date, sale_end_date)
VALUES
(1, 'Cardify Package', 7, 777.99, '2021-2-12', '2021-3-30'),
(2, 'Tresom Package', 8, 830.40, '2020-12-22', '2021-2-4'),
(3, 'Wrapsafe Package', 6, 700, '2021-2-14', '2021-3-28'),
(4, 'Y-find Package', 10, 1120.00, '2020-12-26', '2021-2-9'),
(5, 'Pannier Package', 1, 119.95, '2021-3-10', '2021-4-16'),
(6, 'It Package', 6, 710.00, '2021-3-15', '2021-5-7'),
(7, 'Fixflex Package', 10, 1191.70, '2020-12-24', '2021-1-20'),
(8, 'Bigtax Package', 6, 706.5, '2021-3-30', '2021-4-26'),
(9, 'Transcof Package', 8, 946.88, '2020-12-8', '2021-2-6'),
(10, 'Alpha Package', 10, 1195.4, '2021-1-11', '2021-2-22'),
(11, 'Hatity Package', 7, 846.86, '2021-1-15', '2021-2-15'),
(12, 'Span Package', 2, 245.62, '2021-3-25', '2021-4-20'),
(13, 'Andalax Package', 6, 705.84, '2020-12-15', '2021-1-10'),
(14, 'Trippledex Package', 2, 235.58, '2021-1-17', '2021-3-16'),
(15, 'Greenlam Package', 7, 840.49, '2020-12-12', '2021-1-27'),
(16, 'Hatity Package', 1, 122.88, '2021-3-16', '2021-5-7'),
(17, 'Zontrax Package', 10, 1189.2, '2021-2-13', '2021-3-13'),
(18, 'Konklux Package', 6, 697.08, '2021-3-27', '2021-5-2'),
(19, 'Bitchip Package', 9, 1082.88, '2021-3-7', '2021-4-20'),
(20, 'Zontrax Package', 2, 238.0, '2021-1-3', '2021-2-18'),
(21, 'Pannier Package', 4, 492.12, '2020-12-12', '2021-1-2'),
(22, 'Voyatouch Package', 10, 1179.3, '2020-12-29', '2021-2-3'),
(23, 'Holdlamis Package', 10, 1158.5, '2021-1-18', '2021-3-9'),
(24, 'Daltfresh Package', 2, 245.62, '2020-12-17', '2021-1-17'),
(25, 'Holdlamis Package', 5, 576.7, '2021-2-18', '2021-4-10'),
(26, 'Sonsing Package', 10, 1168.5, '2021-1-4', '2021-2-22'),
(27, 'Regrant Package', 3, 371.19, '2021-3-20', '2021-4-30'),
(28, 'Zoolab Package', 8, 944.32, '2021-4-1', '2021-5-6'),
(29, 'Opela Package', 6, 704.76, '2021-4-1', '2021-4-29'),
(30, 'Zoolab Package', 8, 981.2, '2021-3-18', '2021-4-20'),
(31, 'Redhold Package', 5, 587.8, '2021-2-12', '2021-3-9'),
(32, 'Wrapsafe Package', 4, 481.36, '2021-1-16', '2021-3-15'),
(33, 'Keylex Package', 8, 951.04, '2021-1-26', '2021-2-15'),
(34, 'Pannier Package', 2, 237.66, '2020-12-29', '2021-2-11'),
(35, 'Aerified Package', 5, 602.7, '2021-2-25', '2021-4-17'),
(36, 'Mat Lam Tam Package', 9, 1098.36, '2021-2-11', '2021-3-3'),
(37, 'Otcom Package', 9, 1062.99, '2021-2-4', '2021-3-25'),
(38, 'Matsoft Package', 3, 362.79, '2021-1-27', '2021-3-26'),
(39, 'Zamit Package', 2, 233.42, '2020-12-3', '2020-12-27'),
(40, 'Transcof Package', 10, 1185.0, '2020-12-11', '2021-1-23');


INSERT INTO Buys (buy_date, cust_id, card_number, package_id, num_remaining_redemptions) VALUES
('2021-1-10', 1, '5368550114163345', 7, 9),
('2021-3-16', 2, '349448959736043', 5, 0),
('2021-2-01', 3, '5413117284994490', 4, 9),
('2020-12-30', 4, '5306212867742703', 24, 1),
('2021-1-10', 5, '349761782091745', 20, 1),
('2021-4-1', 6, '4929850819307', 39, 1),
('2020-11-20', 7, '4929488702248', 5, 0),
('2021-3-5', 7, '4929488702248', 37, 9),
('2021-2-20', 8, '5197016788131579', 36, 7),
('2021-2-27', 9, '4928242194523600', 25, 4);


INSERT INTO Redeems (redeem_date, buy_date, cust_id, package_id, sid, launch_date, course_id) VALUES
('2021-1-20', '2021-1-10', 1, 7, 3, '2020-12-24', 7),
('2021-4-5', '2021-3-16',  2, 5, 3, '2021-4-2', 6),
('2021-4-5','2021-2-01', 3, 4, 4, '2021-4-1', 5),
('2021-4-8','2020-12-30', 4, 24, 7, '2021-4-1', 1),
('2021-4-7', '2021-1-10', 5, 20, 1, '2021-4-1', 1),
('2021-4-3', '2021-4-1', 6, 39, 3, '2021-4-2', 6),
('2021-1-19', '2020-11-20', 7, 5, 2, '2020-12-24', 7),
('2021-4-3', '2021-2-20', 8, 36, 5, '2021-4-1', 5),
('2021-4-5', '2021-2-20', 8, 36, 3, '2021-4-2', 6),
('2021-4-3', '2021-2-27', 9, 25, 1, '2021-4-1', 3);


INSERT INTO Registers (register_date, cust_id, card_number, sid, launch_date, course_id) VALUES
('2020-7-15', 27, '4585405913043', 1, '2020-3-7', 11),
('2021-3-1', 1, '5368550114163345', 1, '2021-2-13', 7),
('2021-4-1', 3, '5413117284994490', 1, '2021-2-13', 7),
('2021-4-1', 15, '5108002499851380', 1, '2021-2-13', 7),
('2021-4-1', 7, '4929488702248', 1, '2021-2-13', 7),
('2021-4-1', 29, '4024007117406404', 1, '2021-2-13', 7),
('2021-4-1', 11, '372955004953043', 1, '2021-2-13', 7),
('2021-4-1', 25, '4539843895955149', 1, '2021-2-13', 7),
('2021-4-1', 17, '5312064734949348', 1, '2021-2-13', 7),
('2021-4-1', 31, '4873540841026', 1, '2021-2-13', 7),
('2021-4-1', 19, '5352506507527363', 1, '2021-2-13', 7),
('2021-4-8', 1, '5578550114063345', 1, '2021-3-16', 14),
('2021-4-8', 3, '5413117284994490', 1, '2021-3-16', 14),
('2021-4-8', 15, '5108002499851380', 1, '2021-3-16', 14),
('2021-4-8', 7, '4929488702248', 1, '2021-3-16', 14),
('2021-4-8', 29, '4024007117406404', 1, '2021-3-16', 14),
('2021-4-8', 11, '372955004953043', 1, '2021-3-16', 14),
('2021-4-8', 25, '4539843895955149', 1, '2021-3-16', 14),
('2021-4-8', 17, '5312064734949348', 1, '2021-3-16', 14),
('2021-4-8', 31, '4873540841026', 1, '2021-3-16', 14),
('2021-4-8', 19, '5352506507527363', 1, '2021-3-16', 14);


INSERT INTO Cancels (cancel_date, refund_amt, package_credit, cust_id, sid, launch_date, course_id) VALUES
('2021-1-20', 181.40 * 0.9, NULL, 12, 3, '2020-12-24', 7),
('2021-3-6', 0, NULL, 15, 1, '2021-2-7', 16),
('2021-3-17', 75.50 * 0.9, NULL, 18, 1, '2021-2-13', 7),
('2020-12-27', 0, NULL, 23, 1, '2020-11-16', 14),
('2021-4-18', 181.40 * 0.9, NULL, 37, 4, '2021-4-1', 5),

('2021-4-5', NULL, 1, 8, 4, '2021-4-1', 1),
('2021-2-9', NULL, 0, 5, 1, '2020-12-13', 15),
('2021-1-11', NULL, 0, 4, 1, '2021-1-8', 9),
('2021-4-6', NULL, 1, 9, 3, '2021-4-1', 1),
('2021-4-9', NULL, 1, 6, 1, '2021-4-8', 8);